{"cameraMode":{"drawMode":0,"name":"Shaded","section":"Shading Mode"},"sceneLighting":true,"audioPlay":false,"sceneViewState":{"m_AlwaysRefresh":false,"showFog":true,"showSkybox":true,"showFlares":true,"showImageEffects":true,"showParticleSystems":true,"showVisualEffectGraphs":true,"m_FxEnabled":true},"in2DMode":false,"pivot":{"x":46.696990966796878,"y":22.111480712890626,"z":23.309221267700197},"rotation":{"x":0.28376954793930056,"y":-0.31526756286621096,"z":0.09939812123775482,"w":0.9001185297966003},"size":15.665742874145508,"orthographic":false}